video_id,avg_aesthetic_score,frame_aesthetic_scores
"10,000 BC (7/10) Movie CLIP - We Hunt Together (2008) HD",4.049418330192566,"{'frame_00:00.png': 4.388084888458252, 'frame_00:01.png': 4.172424793243408, 'frame_00:02.png': 4.317821025848389, 'frame_00:03.png': 4.3461012840271, 'frame_00:04.png': 4.024797439575195, 'frame_00:05.png': 4.077622413635254, 'frame_00:06.png': 4.25456428527832, 'frame_00:07.png': 3.1521148681640625, 'frame_00:08.png': 3.076345920562744, 'frame_00:09.png': 3.2960944175720215, 'frame_00:10.png': 4.233644008636475, 'frame_00:11.png': 3.860104560852051, 'frame_00:12.png': 4.086194038391113, 'frame_00:13.png': 3.735309600830078, 'frame_00:14.png': 3.97194766998291, 'frame_00:15.png': 3.662226676940918, 'frame_00:16.png': 3.8967113494873047, 'frame_00:17.png': 4.03483772277832, 'frame_00:18.png': 3.8203134536743164, 'frame_00:19.png': 4.4134345054626465, 'frame_00:20.png': 4.2591094970703125, 'frame_00:21.png': 3.9366698265075684, 'frame_00:22.png': 3.8374390602111816, 'frame_00:23.png': 4.056551933288574, 'frame_00:24.png': 3.944728374481201, 'frame_00:25.png': 3.917171001434326, 'frame_00:26.png': 3.8392200469970703, 'frame_00:27.png': 4.162051677703857, 'frame_00:28.png': 4.242767810821533, 'frame_00:29.png': 4.360136032104492, 'frame_00:30.png': 4.207425594329834, 'frame_00:31.png': 4.090770721435547, 'frame_00:32.png': 4.07122802734375, 'frame_00:33.png': 4.2610344886779785, 'frame_00:34.png': 3.9271655082702637, 'frame_00:35.png': 3.862032413482666, 'frame_00:36.png': 4.463376522064209, 'frame_00:37.png': 4.30309534072876, 'frame_00:38.png': 4.346185207366943, 'frame_00:39.png': 4.3690505027771, 'frame_00:40.png': 4.3482818603515625, 'frame_00:41.png': 4.1049933433532715, 'frame_00:42.png': 4.272862434387207, 'frame_00:43.png': 4.1867451667785645, 'frame_00:44.png': 4.60972261428833, 'frame_00:45.png': 4.199434757232666, 'frame_00:46.png': 4.387448787689209, 'frame_00:47.png': 4.233861446380615, 'frame_00:48.png': 4.3707051277160645, 'frame_00:49.png': 4.160542011260986, 'frame_00:50.png': 4.376945972442627, 'frame_00:51.png': 4.088718414306641, 'frame_00:52.png': 3.769167900085449, 'frame_00:53.png': 3.324702739715576, 'frame_00:54.png': 3.595090389251709, 'frame_00:55.png': 3.460299015045166}"
10 Cloverfield Lane (2016) - A Narrow Escape Scene (7/10) | Movieclips,3.889530770918902,"{'frame_00:00.png': 3.917473316192627, 'frame_00:01.png': 4.130661964416504, 'frame_00:02.png': 3.371716022491455, 'frame_00:03.png': 3.894434928894043, 'frame_00:04.png': 3.8854856491088867, 'frame_00:05.png': 4.0076985359191895, 'frame_00:06.png': 3.8917951583862305, 'frame_00:07.png': 3.773955821990967, 'frame_00:08.png': 3.839644432067871, 'frame_00:09.png': 3.951324939727783, 'frame_00:10.png': 4.199525833129883, 'frame_00:11.png': 3.763245105743408, 'frame_00:12.png': 3.591177463531494, 'frame_00:13.png': 3.6065244674682617, 'frame_00:14.png': 3.917606830596924, 'frame_00:15.png': 3.8282217979431152, 'frame_00:16.png': 4.216235637664795, 'frame_00:17.png': 4.1135406494140625, 'frame_00:18.png': 4.188177108764648, 'frame_00:19.png': 4.194407939910889, 'frame_00:20.png': 4.380524635314941, 'frame_00:21.png': 4.05084228515625, 'frame_00:22.png': 4.348433017730713, 'frame_00:23.png': 3.92836332321167, 'frame_00:24.png': 3.546692371368408, 'frame_00:25.png': 4.134165287017822, 'frame_00:26.png': 3.800088882446289, 'frame_00:27.png': 3.7757210731506348, 'frame_00:28.png': 4.066775798797607, 'frame_00:29.png': 3.9349727630615234, 'frame_00:30.png': 3.7527823448181152, 'frame_00:31.png': 3.981794834136963, 'frame_00:32.png': 4.328409671783447, 'frame_00:33.png': 4.41059684753418, 'frame_00:34.png': 3.7218332290649414, 'frame_00:35.png': 3.835646152496338, 'frame_00:36.png': 3.8206982612609863, 'frame_00:37.png': 3.8424220085144043, 'frame_00:38.png': 3.7877373695373535, 'frame_00:39.png': 3.998708724975586, 'frame_00:40.png': 3.8742198944091797, 'frame_00:41.png': 4.053947448730469, 'frame_00:42.png': 3.969036102294922, 'frame_00:43.png': 3.638366222381592, 'frame_00:44.png': 3.4122486114501953, 'frame_00:45.png': 3.8259644508361816, 'frame_00:46.png': 3.296875, 'frame_00:47.png': 3.5165181159973145, 'frame_00:48.png': 3.7257862091064453, 'frame_00:49.png': 3.5858020782470703, 'frame_00:50.png': 3.20450496673584, 'frame_00:51.png': 3.8960585594177246, 'frame_00:52.png': 3.643746852874756, 'frame_00:53.png': 4.126410007476807, 'frame_00:54.png': 3.492302894592285, 'frame_00:55.png': 3.100648880004883, 'frame_00:56.png': 3.4342074394226074, 'frame_00:57.png': 3.6977601051330566, 'frame_00:58.png': 3.5972094535827637, 'frame_00:59.png': 3.8223471641540527, 'frame_01:00.png': 3.434669017791748, 'frame_01:01.png': 3.6046762466430664, 'frame_01:02.png': 3.491708755493164, 'frame_01:03.png': 3.7920074462890625, 'frame_01:04.png': 3.8299036026000977, 'frame_01:05.png': 3.76878023147583, 'frame_01:06.png': 4.412024021148682, 'frame_01:07.png': 4.338672161102295, 'frame_01:08.png': 4.256012439727783, 'frame_01:09.png': 4.072112560272217, 'frame_01:10.png': 4.152283191680908, 'frame_01:11.png': 3.7183971405029297, 'frame_01:12.png': 3.8779730796813965, 'frame_01:13.png': 3.8167476654052734, 'frame_01:14.png': 3.8263373374938965, 'frame_01:15.png': 3.821305274963379, 'frame_01:16.png': 3.8480043411254883, 'frame_01:17.png': 4.241559982299805, 'frame_01:18.png': 4.1027607917785645, 'frame_01:19.png': 4.5945658683776855, 'frame_01:20.png': 4.218086242675781, 'frame_01:21.png': 4.030435085296631, 'frame_01:22.png': 4.10905647277832, 'frame_01:23.png': 3.6592655181884766, 'frame_01:24.png': 4.345933437347412, 'frame_01:25.png': 3.578672409057617, 'frame_01:26.png': 4.3766188621521, 'frame_01:27.png': 4.35955810546875, 'frame_01:28.png': 3.9925737380981445, 'frame_01:29.png': 3.975747585296631, 'frame_01:30.png': 4.0453782081604, 'frame_01:31.png': 3.9019107818603516, 'frame_01:32.png': 4.129134654998779, 'frame_01:33.png': 4.288259983062744, 'frame_01:34.png': 4.185266017913818, 'frame_01:35.png': 4.036468505859375, 'frame_01:36.png': 3.2473559379577637, 'frame_01:37.png': 4.1848907470703125, 'frame_01:38.png': 3.374359130859375, 'frame_01:39.png': 3.5243825912475586, 'frame_01:40.png': 3.8649673461914062, 'frame_01:41.png': 3.8678746223449707, 'frame_01:42.png': 4.019876956939697, 'frame_01:43.png': 3.8028182983398438, 'frame_01:44.png': 3.638327121734619, 'frame_01:45.png': 4.065281867980957, 'frame_01:46.png': 3.673403263092041, 'frame_01:47.png': 4.2093048095703125, 'frame_01:48.png': 4.35244083404541, 'frame_01:49.png': 4.05644416809082, 'frame_01:50.png': 4.288688659667969, 'frame_01:51.png': 3.8805456161499023, 'frame_01:52.png': 3.6516871452331543, 'frame_01:53.png': 4.0263166427612305, 'frame_01:54.png': 3.7798047065734863, 'frame_01:55.png': 3.4129672050476074, 'frame_01:56.png': 2.9670372009277344, 'frame_01:57.png': 4.196617126464844, 'frame_01:58.png': 3.8918800354003906}"
10 Cloverfield Lane (2016) - Everyone Outside Is Dead Scene (2/10) | Movieclips,4.609979160900774,"{'frame_00:00.png': 4.883782863616943, 'frame_00:01.png': 4.351792335510254, 'frame_00:02.png': 4.863041877746582, 'frame_00:03.png': 4.84653902053833, 'frame_00:04.png': 4.81002950668335, 'frame_00:05.png': 4.520644664764404, 'frame_00:06.png': 4.0128889083862305, 'frame_00:07.png': 4.217067718505859, 'frame_00:08.png': 4.469857692718506, 'frame_00:09.png': 4.527144908905029, 'frame_00:10.png': 4.779890060424805, 'frame_00:11.png': 4.457245349884033, 'frame_00:12.png': 4.591697692871094, 'frame_00:13.png': 4.563307762145996, 'frame_00:14.png': 4.501064777374268, 'frame_00:15.png': 4.646169185638428, 'frame_00:16.png': 4.685185432434082, 'frame_00:17.png': 4.349465847015381, 'frame_00:18.png': 4.978119850158691, 'frame_00:19.png': 5.002633571624756, 'frame_00:20.png': 4.989701271057129, 'frame_00:21.png': 4.929287433624268, 'frame_00:22.png': 4.32211446762085, 'frame_00:23.png': 4.298758029937744, 'frame_00:24.png': 4.298330307006836, 'frame_00:25.png': 4.304800987243652, 'frame_00:26.png': 4.328286170959473, 'frame_00:27.png': 4.768414497375488, 'frame_00:28.png': 4.849178314208984, 'frame_00:29.png': 4.798671245574951, 'frame_00:30.png': 4.425253391265869, 'frame_00:31.png': 4.393043041229248, 'frame_00:32.png': 4.330508708953857, 'frame_00:33.png': 4.350248336791992, 'frame_00:34.png': 4.826683521270752, 'frame_00:35.png': 4.6339945793151855, 'frame_00:36.png': 4.603927135467529, 'frame_00:37.png': 4.4264726638793945, 'frame_00:38.png': 4.4547834396362305, 'frame_00:39.png': 4.556363582611084, 'frame_00:40.png': 4.636755466461182, 'frame_00:41.png': 4.570903301239014, 'frame_00:42.png': 4.27847146987915, 'frame_00:43.png': 4.095923900604248, 'frame_00:44.png': 4.10287618637085, 'frame_00:45.png': 4.466529369354248, 'frame_00:46.png': 5.093921184539795, 'frame_00:47.png': 5.120110511779785, 'frame_00:48.png': 5.016819000244141, 'frame_00:49.png': 4.905352592468262, 'frame_00:50.png': 4.969063758850098, 'frame_00:51.png': 4.691758155822754, 'frame_00:52.png': 4.628098487854004, 'frame_00:53.png': 4.8586039543151855, 'frame_00:54.png': 4.766152858734131, 'frame_00:55.png': 4.7201714515686035, 'frame_00:56.png': 4.715392589569092, 'frame_00:57.png': 4.704769611358643, 'frame_00:58.png': 4.6188554763793945, 'frame_00:59.png': 4.6963653564453125, 'frame_01:00.png': 4.881101131439209, 'frame_01:01.png': 4.564539909362793, 'frame_01:02.png': 4.457755088806152, 'frame_01:03.png': 5.026820659637451, 'frame_01:04.png': 4.92902946472168, 'frame_01:05.png': 4.9473419189453125, 'frame_01:06.png': 4.409530162811279, 'frame_01:07.png': 4.373502254486084, 'frame_01:08.png': 4.549943923950195, 'frame_01:09.png': 4.6275715827941895, 'frame_01:10.png': 4.650349140167236, 'frame_01:11.png': 4.657824993133545, 'frame_01:12.png': 5.0835723876953125, 'frame_01:13.png': 4.899086952209473, 'frame_01:14.png': 4.867330074310303, 'frame_01:15.png': 4.804288387298584, 'frame_01:16.png': 4.8878655433654785, 'frame_01:17.png': 4.770907402038574, 'frame_01:18.png': 4.61685848236084, 'frame_01:19.png': 4.616093635559082, 'frame_01:20.png': 4.5936408042907715, 'frame_01:21.png': 4.998012542724609, 'frame_01:22.png': 4.627580642700195, 'frame_01:23.png': 5.034703254699707, 'frame_01:24.png': 4.769498348236084, 'frame_01:25.png': 4.587457656860352, 'frame_01:26.png': 4.694922924041748, 'frame_01:27.png': 4.536136627197266, 'frame_01:28.png': 4.519509792327881, 'frame_01:29.png': 4.526280403137207, 'frame_01:30.png': 4.645761966705322, 'frame_01:31.png': 3.681674003601074, 'frame_01:32.png': 4.302459716796875, 'frame_01:33.png': 4.4269819259643555, 'frame_01:34.png': 4.285887718200684, 'frame_01:35.png': 4.254264831542969, 'frame_01:36.png': 4.243293285369873, 'frame_01:37.png': 4.771346092224121, 'frame_01:38.png': 4.599717140197754, 'frame_01:39.png': 4.546891689300537, 'frame_01:40.png': 4.487762928009033, 'frame_01:41.png': 4.359443664550781, 'frame_01:42.png': 4.342990398406982, 'frame_01:43.png': 4.293178558349609, 'frame_01:44.png': 4.8773980140686035, 'frame_01:45.png': 4.911512851715088, 'frame_01:46.png': 4.604168891906738, 'frame_01:47.png': 4.628984451293945, 'frame_01:48.png': 4.636002540588379, 'frame_01:49.png': 4.44720983505249, 'frame_01:50.png': 4.67121696472168, 'frame_01:51.png': 4.770020961761475, 'frame_01:52.png': 3.999645709991455, 'frame_01:53.png': 4.283397197723389, 'frame_01:54.png': 4.8113932609558105, 'frame_01:55.png': 4.762637138366699}"
10 Cloverfield Lane (2016) - I Accept Your Apology Scene (5/10) | Movieclips,4.587349616729461,"{'frame_00:00.png': 4.655305862426758, 'frame_00:01.png': 4.305476665496826, 'frame_00:02.png': 4.271021366119385, 'frame_00:03.png': 3.9086990356445312, 'frame_00:04.png': 4.439014434814453, 'frame_00:05.png': 4.643555641174316, 'frame_00:06.png': 3.863257884979248, 'frame_00:07.png': 3.6247291564941406, 'frame_00:08.png': 3.7602925300598145, 'frame_00:09.png': 3.8415188789367676, 'frame_00:10.png': 4.86550760269165, 'frame_00:11.png': 4.762989044189453, 'frame_00:12.png': 4.964605331420898, 'frame_00:13.png': 4.879859924316406, 'frame_00:14.png': 4.931879043579102, 'frame_00:15.png': 4.925501823425293, 'frame_00:16.png': 4.460494041442871, 'frame_00:17.png': 4.455139636993408, 'frame_00:18.png': 4.250485897064209, 'frame_00:19.png': 4.517666339874268, 'frame_00:20.png': 4.424234390258789, 'frame_00:21.png': 4.632632255554199, 'frame_00:22.png': 4.681729793548584, 'frame_00:23.png': 4.5836310386657715, 'frame_00:24.png': 4.947575569152832, 'frame_00:25.png': 5.0097126960754395, 'frame_00:26.png': 4.972043514251709, 'frame_00:27.png': 5.025456428527832, 'frame_00:28.png': 5.059492111206055, 'frame_00:29.png': 4.936521530151367, 'frame_00:30.png': 4.877873420715332, 'frame_00:31.png': 4.455224990844727, 'frame_00:32.png': 4.415109634399414, 'frame_00:33.png': 4.310048580169678, 'frame_00:34.png': 4.903378963470459, 'frame_00:35.png': 4.966086387634277, 'frame_00:36.png': 4.495206356048584, 'frame_00:37.png': 4.639603137969971, 'frame_00:38.png': 4.777551651000977, 'frame_00:39.png': 4.71442985534668, 'frame_00:40.png': 3.9931631088256836, 'frame_00:41.png': 4.744352340698242, 'frame_00:42.png': 3.8257222175598145, 'frame_00:43.png': 4.81868839263916, 'frame_00:44.png': 4.749351978302002, 'frame_00:45.png': 4.203993797302246, 'frame_00:46.png': 4.301527500152588, 'frame_00:47.png': 4.236170768737793, 'frame_00:48.png': 4.776648998260498, 'frame_00:49.png': 4.976091384887695, 'frame_00:50.png': 4.693658828735352, 'frame_00:51.png': 4.72343111038208, 'frame_00:52.png': 4.962767601013184, 'frame_00:53.png': 4.6164960861206055, 'frame_00:54.png': 3.902219772338867, 'frame_00:55.png': 4.111528396606445, 'frame_00:56.png': 3.9933738708496094, 'frame_00:57.png': 3.5679473876953125, 'frame_00:58.png': 3.8761062622070312, 'frame_00:59.png': 4.321393013000488, 'frame_01:00.png': 4.2230610847473145, 'frame_01:01.png': 4.326461315155029, 'frame_01:02.png': 4.800050735473633, 'frame_01:03.png': 4.935277938842773, 'frame_01:04.png': 4.85230827331543, 'frame_01:05.png': 4.958786964416504, 'frame_01:06.png': 4.907924175262451, 'frame_01:07.png': 4.323422908782959, 'frame_01:08.png': 4.769045829772949, 'frame_01:09.png': 4.66791296005249, 'frame_01:10.png': 4.434500694274902, 'frame_01:11.png': 4.389540672302246, 'frame_01:12.png': 4.764512062072754, 'frame_01:13.png': 5.1323747634887695, 'frame_01:14.png': 5.035675525665283, 'frame_01:15.png': 5.076971054077148, 'frame_01:16.png': 4.792423725128174, 'frame_01:17.png': 4.464807987213135, 'frame_01:18.png': 4.3526763916015625, 'frame_01:19.png': 4.490517616271973, 'frame_01:20.png': 4.306467533111572, 'frame_01:21.png': 4.196998119354248, 'frame_01:22.png': 4.206869602203369, 'frame_01:23.png': 4.168092727661133, 'frame_01:24.png': 4.830334663391113, 'frame_01:25.png': 4.901312828063965, 'frame_01:26.png': 4.707491397857666, 'frame_01:27.png': 4.753250598907471, 'frame_01:28.png': 4.593280792236328, 'frame_01:29.png': 4.670376777648926, 'frame_01:30.png': 5.180830478668213, 'frame_01:31.png': 5.121821403503418, 'frame_01:32.png': 5.125509262084961, 'frame_01:33.png': 4.645623207092285, 'frame_01:34.png': 4.55206298828125, 'frame_01:35.png': 4.4921722412109375, 'frame_01:36.png': 4.534943103790283, 'frame_01:37.png': 4.52022647857666, 'frame_01:38.png': 4.763559818267822, 'frame_01:39.png': 4.804614543914795, 'frame_01:40.png': 4.908627986907959, 'frame_01:41.png': 4.443693161010742, 'frame_01:42.png': 4.712728500366211, 'frame_01:43.png': 4.717708110809326, 'frame_01:44.png': 4.725586414337158, 'frame_01:45.png': 4.7840399742126465, 'frame_01:46.png': 4.931204795837402, 'frame_01:47.png': 4.578582286834717, 'frame_01:48.png': 4.501422882080078, 'frame_01:49.png': 4.8235602378845215, 'frame_01:50.png': 4.745386600494385}"
10 Cloverfield Lane (2016) - Frank & Mildred Scene (3/10) | Movieclips,4.267699512151571,"{'frame_00:00.png': 4.428091049194336, 'frame_00:01.png': 4.390542507171631, 'frame_00:02.png': 4.413091659545898, 'frame_00:03.png': 4.332152366638184, 'frame_00:04.png': 4.127033710479736, 'frame_00:05.png': 4.246538162231445, 'frame_00:06.png': 4.41274881362915, 'frame_00:07.png': 4.081495761871338, 'frame_00:08.png': 3.8507375717163086, 'frame_00:09.png': 4.523352146148682, 'frame_00:10.png': 4.525509357452393, 'frame_00:11.png': 4.419559478759766, 'frame_00:12.png': 4.463230133056641, 'frame_00:13.png': 4.027506351470947, 'frame_00:14.png': 4.195429801940918, 'frame_00:15.png': 4.071310997009277, 'frame_00:16.png': 4.041415214538574, 'frame_00:17.png': 4.266273021697998, 'frame_00:18.png': 4.258133411407471, 'frame_00:19.png': 4.302447319030762, 'frame_00:20.png': 4.28632926940918, 'frame_00:21.png': 4.436123847961426, 'frame_00:22.png': 4.256775856018066, 'frame_00:23.png': 4.188013076782227, 'frame_00:24.png': 4.352305889129639, 'frame_00:25.png': 4.185782432556152, 'frame_00:26.png': 4.0800347328186035, 'frame_00:27.png': 4.100508689880371, 'frame_00:28.png': 4.2234978675842285, 'frame_00:29.png': 3.8583712577819824, 'frame_00:30.png': 4.2667107582092285, 'frame_00:31.png': 4.120309829711914, 'frame_00:32.png': 4.175285816192627, 'frame_00:33.png': 3.815732479095459, 'frame_00:34.png': 3.89044189453125, 'frame_00:35.png': 4.1817851066589355, 'frame_00:36.png': 3.8867692947387695, 'frame_00:37.png': 4.371731758117676, 'frame_00:38.png': 4.457747459411621, 'frame_00:39.png': 4.598389625549316, 'frame_00:40.png': 4.314719200134277, 'frame_00:41.png': 4.14586877822876, 'frame_00:42.png': 3.802060604095459, 'frame_00:43.png': 3.7847962379455566, 'frame_00:44.png': 3.5646581649780273, 'frame_00:45.png': 4.012932777404785, 'frame_00:46.png': 3.976513385772705, 'frame_00:47.png': 4.00929594039917, 'frame_00:48.png': 4.197658061981201, 'frame_00:49.png': 4.414803504943848, 'frame_00:50.png': 3.8678693771362305, 'frame_00:51.png': 3.9366650581359863, 'frame_00:52.png': 4.272460460662842, 'frame_00:53.png': 3.838855743408203, 'frame_00:54.png': 4.294490337371826, 'frame_00:55.png': 4.200862407684326, 'frame_00:56.png': 4.075305938720703, 'frame_00:57.png': 3.7768454551696777, 'frame_00:58.png': 4.280239105224609, 'frame_00:59.png': 4.738021373748779, 'frame_01:00.png': 4.215017318725586, 'frame_01:01.png': 3.8403563499450684, 'frame_01:02.png': 4.330124378204346, 'frame_01:03.png': 3.7153611183166504, 'frame_01:04.png': 3.7179393768310547, 'frame_01:05.png': 3.679107666015625, 'frame_01:06.png': 3.3096437454223633, 'frame_01:07.png': 3.665098190307617, 'frame_01:08.png': 4.000607490539551, 'frame_01:09.png': 4.667012691497803, 'frame_01:10.png': 4.632750511169434, 'frame_01:11.png': 4.8688859939575195, 'frame_01:12.png': 4.874168872833252, 'frame_01:13.png': 4.776615142822266, 'frame_01:14.png': 4.9847941398620605, 'frame_01:15.png': 4.639305114746094, 'frame_01:16.png': 4.6408915519714355, 'frame_01:17.png': 4.764024257659912, 'frame_01:18.png': 4.719091415405273, 'frame_01:19.png': 4.866185188293457, 'frame_01:20.png': 4.793140411376953, 'frame_01:21.png': 4.789323329925537, 'frame_01:22.png': 4.978503227233887, 'frame_01:23.png': 5.003138542175293, 'frame_01:24.png': 4.099714279174805, 'frame_01:25.png': 4.186783790588379, 'frame_01:26.png': 4.107388973236084, 'frame_01:27.png': 4.671615123748779, 'frame_01:28.png': 4.833772659301758, 'frame_01:29.png': 4.807358264923096, 'frame_01:30.png': 3.6324148178100586, 'frame_01:31.png': 3.964722156524658, 'frame_01:32.png': 4.479592323303223, 'frame_01:33.png': 4.027376651763916, 'frame_01:34.png': 3.7590994834899902, 'frame_01:35.png': 4.111367225646973, 'frame_01:36.png': 4.057896614074707, 'frame_01:37.png': 3.9634265899658203, 'frame_01:38.png': 4.485145568847656, 'frame_01:39.png': 4.569401741027832, 'frame_01:40.png': 4.575575351715088, 'frame_01:41.png': 4.6071391105651855, 'frame_01:42.png': 4.881106376647949, 'frame_01:43.png': 4.934598445892334}"
127 Hours (3/3) Movie CLIP - Radio Show Breakdown (2010) HD,4.166933974513301,"{'frame_00:00.png': 3.9794535636901855, 'frame_00:01.png': 4.27508020401001, 'frame_00:02.png': 4.0170793533325195, 'frame_00:03.png': 4.164758682250977, 'frame_00:04.png': 4.006474018096924, 'frame_00:05.png': 4.229825973510742, 'frame_00:06.png': 4.216473579406738, 'frame_00:07.png': 4.161567687988281, 'frame_00:08.png': 4.0029730796813965, 'frame_00:09.png': 3.601494312286377, 'frame_00:10.png': 3.7967844009399414, 'frame_00:11.png': 3.7712535858154297, 'frame_00:12.png': 3.6321544647216797, 'frame_00:13.png': 3.8237032890319824, 'frame_00:14.png': 4.053175449371338, 'frame_00:15.png': 4.117669105529785, 'frame_00:16.png': 4.029013633728027, 'frame_00:17.png': 4.151207447052002, 'frame_00:18.png': 4.14335823059082, 'frame_00:19.png': 3.8924074172973633, 'frame_00:20.png': 4.067622184753418, 'frame_00:21.png': 4.613982200622559, 'frame_00:22.png': 4.648345470428467, 'frame_00:23.png': 4.629443645477295, 'frame_00:24.png': 4.408899307250977, 'frame_00:25.png': 4.1772356033325195, 'frame_00:26.png': 3.8254570960998535, 'frame_00:27.png': 3.803060531616211, 'frame_00:28.png': 3.874236583709717, 'frame_00:29.png': 3.7138915061950684, 'frame_00:30.png': 3.3344507217407227, 'frame_00:31.png': 4.3654303550720215, 'frame_00:32.png': 4.723710060119629, 'frame_00:33.png': 3.8539843559265137, 'frame_00:34.png': 3.750246524810791, 'frame_00:35.png': 3.8458504676818848, 'frame_00:36.png': 4.1920166015625, 'frame_00:37.png': 4.5961689949035645, 'frame_00:38.png': 4.520602703094482, 'frame_00:39.png': 4.3880085945129395, 'frame_00:40.png': 4.665842533111572, 'frame_00:41.png': 3.56657075881958, 'frame_00:42.png': 3.6091785430908203, 'frame_00:43.png': 3.9512486457824707, 'frame_00:44.png': 3.8957481384277344, 'frame_00:45.png': 3.808948040008545, 'frame_00:46.png': 4.055368900299072, 'frame_00:47.png': 3.8023266792297363, 'frame_00:48.png': 3.545050621032715, 'frame_00:49.png': 3.525790214538574, 'frame_00:50.png': 3.9132375717163086, 'frame_00:51.png': 4.226075172424316, 'frame_00:52.png': 3.6279115676879883, 'frame_00:53.png': 4.103910446166992, 'frame_00:54.png': 3.876924991607666, 'frame_00:55.png': 3.745393753051758, 'frame_00:56.png': 4.5740461349487305, 'frame_00:57.png': 4.4431233406066895, 'frame_00:58.png': 4.352138042449951, 'frame_00:59.png': 4.5622758865356445, 'frame_01:00.png': 4.375182151794434, 'frame_01:01.png': 4.192227363586426, 'frame_01:02.png': 4.1968255043029785, 'frame_01:03.png': 4.348348617553711, 'frame_01:04.png': 4.312883377075195, 'frame_01:05.png': 4.3661980628967285, 'frame_01:06.png': 4.46984338760376, 'frame_01:07.png': 4.4684157371521, 'frame_01:08.png': 3.8484787940979004, 'frame_01:09.png': 3.8986783027648926, 'frame_01:10.png': 3.9430108070373535, 'frame_01:11.png': 4.209898471832275, 'frame_01:12.png': 4.196066856384277, 'frame_01:13.png': 4.275058269500732, 'frame_01:14.png': 4.241264343261719, 'frame_01:15.png': 4.152434825897217, 'frame_01:16.png': 4.5288262367248535, 'frame_01:17.png': 4.545519828796387, 'frame_01:18.png': 4.65923547744751, 'frame_01:19.png': 4.389285564422607, 'frame_01:20.png': 4.4653496742248535, 'frame_01:21.png': 3.9177446365356445, 'frame_01:22.png': 4.104113578796387, 'frame_01:23.png': 4.066107273101807, 'frame_01:24.png': 3.7520880699157715, 'frame_01:25.png': 3.885416030883789, 'frame_01:26.png': 4.0546488761901855, 'frame_01:27.png': 4.0458292961120605, 'frame_01:28.png': 3.995509147644043, 'frame_01:29.png': 3.9366674423217773, 'frame_01:30.png': 4.667725086212158, 'frame_01:31.png': 4.743796348571777, 'frame_01:32.png': 4.659073829650879, 'frame_01:33.png': 4.382970809936523, 'frame_01:34.png': 4.39368200302124, 'frame_01:35.png': 4.371337890625, 'frame_01:36.png': 4.345064163208008, 'frame_01:37.png': 4.274147987365723, 'frame_01:38.png': 4.199443340301514, 'frame_01:39.png': 4.329229831695557, 'frame_01:40.png': 4.328453540802002, 'frame_01:41.png': 4.240775108337402, 'frame_01:42.png': 4.35280704498291, 'frame_01:43.png': 4.307909965515137, 'frame_01:44.png': 4.419429302215576, 'frame_01:45.png': 4.4824957847595215, 'frame_01:46.png': 4.538614273071289, 'frame_01:47.png': 4.452932357788086, 'frame_01:48.png': 4.4174017906188965, 'frame_01:49.png': 4.244692325592041, 'frame_01:50.png': 4.261835098266602, 'frame_01:51.png': 4.31716251373291, 'frame_01:52.png': 4.222509384155273, 'frame_01:53.png': 3.6799001693725586, 'frame_01:54.png': 3.7220935821533203, 'frame_01:55.png': 3.8190207481384277, 'frame_01:56.png': 4.4453043937683105, 'frame_01:57.png': 4.438321113586426, 'frame_01:58.png': 4.494056224822998, 'frame_01:59.png': 4.399479389190674, 'frame_02:00.png': 4.42846155166626, 'frame_02:01.png': 4.655429840087891, 'frame_02:02.png': 4.513973236083984, 'frame_02:03.png': 4.555751323699951, 'frame_02:04.png': 4.461021423339844, 'frame_02:05.png': 3.9465694427490234, 'frame_02:06.png': 4.138887405395508, 'frame_02:07.png': 3.9532833099365234, 'frame_02:08.png': 4.018836498260498, 'frame_02:09.png': 3.981740951538086, 'frame_02:10.png': 4.712120532989502, 'frame_02:11.png': 4.723692417144775, 'frame_02:12.png': 3.9673104286193848, 'frame_02:13.png': 3.8303141593933105, 'frame_02:14.png': 3.6062116622924805}"
12 Angry Men (6/10) Movie CLIP - A Responsibility (1957) HD,4.410693706028045,"{'frame_00:00.png': 4.673813343048096, 'frame_00:01.png': 4.632873058319092, 'frame_00:02.png': 4.404365062713623, 'frame_00:03.png': 4.354018688201904, 'frame_00:04.png': 4.138327121734619, 'frame_00:05.png': 4.450526714324951, 'frame_00:06.png': 4.499540328979492, 'frame_00:07.png': 4.410562515258789, 'frame_00:08.png': 4.375268459320068, 'frame_00:09.png': 4.401354789733887, 'frame_00:10.png': 4.297397136688232, 'frame_00:11.png': 4.31594705581665, 'frame_00:12.png': 4.589109897613525, 'frame_00:13.png': 4.509951591491699, 'frame_00:14.png': 4.423466205596924, 'frame_00:15.png': 4.606818199157715, 'frame_00:16.png': 4.501783847808838, 'frame_00:17.png': 4.343899726867676, 'frame_00:18.png': 4.30630350112915, 'frame_00:19.png': 4.3251752853393555, 'frame_00:20.png': 4.339776039123535, 'frame_00:21.png': 4.396783828735352, 'frame_00:22.png': 4.568229675292969, 'frame_00:23.png': 4.458013534545898, 'frame_00:24.png': 4.513132095336914, 'frame_00:25.png': 4.4674177169799805, 'frame_00:26.png': 4.352283000946045, 'frame_00:27.png': 4.5896735191345215, 'frame_00:28.png': 4.520710468292236, 'frame_00:29.png': 4.508999824523926, 'frame_00:30.png': 4.448507785797119, 'frame_00:31.png': 4.498058319091797, 'frame_00:32.png': 4.35493803024292, 'frame_00:33.png': 4.631083011627197, 'frame_00:34.png': 4.568103790283203, 'frame_00:35.png': 4.37697172164917, 'frame_00:36.png': 4.347063064575195, 'frame_00:37.png': 4.423328399658203, 'frame_00:38.png': 4.348249912261963, 'frame_00:39.png': 4.442230224609375, 'frame_00:40.png': 4.41654109954834, 'frame_00:41.png': 4.392604351043701, 'frame_00:42.png': 4.389688014984131, 'frame_00:43.png': 4.261185169219971, 'frame_00:44.png': 4.552586555480957, 'frame_00:45.png': 4.4684271812438965, 'frame_00:46.png': 4.438477993011475, 'frame_00:47.png': 4.296165943145752, 'frame_00:48.png': 4.337524890899658, 'frame_00:49.png': 4.450740337371826, 'frame_00:50.png': 4.472035884857178, 'frame_00:51.png': 4.465394973754883, 'frame_00:52.png': 4.405710697174072, 'frame_00:53.png': 4.516901969909668, 'frame_00:54.png': 4.442396640777588, 'frame_00:55.png': 4.549003601074219, 'frame_00:56.png': 4.486267566680908, 'frame_00:57.png': 4.431681156158447, 'frame_00:58.png': 4.3953022956848145, 'frame_00:59.png': 4.600788593292236, 'frame_01:00.png': 3.842741012573242, 'frame_01:01.png': 3.708683967590332, 'frame_01:02.png': 3.838797092437744}"
12 Angry Men (8/10) Movie CLIP - These People (1957) HD,4.584959060373441,"{'frame_00:00.png': 5.074710845947266, 'frame_00:01.png': 4.623096466064453, 'frame_00:02.png': 4.48325252532959, 'frame_00:03.png': 4.721538543701172, 'frame_00:04.png': 4.627673625946045, 'frame_00:05.png': 4.689901828765869, 'frame_00:06.png': 4.242295742034912, 'frame_00:07.png': 4.712284564971924, 'frame_00:08.png': 4.380410671234131, 'frame_00:09.png': 4.484205722808838, 'frame_00:10.png': 4.624703407287598, 'frame_00:11.png': 4.574234485626221, 'frame_00:12.png': 4.730030536651611, 'frame_00:13.png': 4.498443603515625, 'frame_00:14.png': 4.581636905670166, 'frame_00:15.png': 4.275996685028076, 'frame_00:16.png': 4.6340436935424805, 'frame_00:17.png': 4.655215263366699, 'frame_00:18.png': 4.733680248260498, 'frame_00:19.png': 4.422121524810791, 'frame_00:20.png': 4.623955726623535, 'frame_00:21.png': 4.9389519691467285, 'frame_00:22.png': 4.806118488311768, 'frame_00:23.png': 4.722898483276367, 'frame_00:24.png': 4.718991279602051, 'frame_00:25.png': 4.832780838012695, 'frame_00:26.png': 4.718958377838135, 'frame_00:27.png': 4.4356184005737305, 'frame_00:28.png': 4.699219226837158, 'frame_00:29.png': 4.345596790313721, 'frame_00:30.png': 4.714902400970459, 'frame_00:31.png': 4.698100566864014, 'frame_00:32.png': 4.6324357986450195, 'frame_00:33.png': 4.717745780944824, 'frame_00:34.png': 4.669675827026367, 'frame_00:35.png': 4.7501678466796875, 'frame_00:36.png': 4.4712677001953125, 'frame_00:37.png': 4.597684383392334, 'frame_00:38.png': 4.289315700531006, 'frame_00:39.png': 4.396464824676514, 'frame_00:40.png': 4.3649373054504395, 'frame_00:41.png': 4.557502746582031, 'frame_00:42.png': 4.848583221435547, 'frame_00:43.png': 4.655296325683594, 'frame_00:44.png': 4.5850725173950195, 'frame_00:45.png': 4.413914203643799, 'frame_00:46.png': 4.731842517852783, 'frame_00:47.png': 4.623507976531982, 'frame_00:48.png': 4.487283706665039, 'frame_00:49.png': 4.290589809417725, 'frame_00:50.png': 4.635954856872559, 'frame_00:51.png': 4.574854373931885, 'frame_00:52.png': 4.717428207397461, 'frame_00:53.png': 4.889310359954834, 'frame_00:54.png': 4.492829322814941, 'frame_00:55.png': 4.386246681213379, 'frame_00:56.png': 4.206341743469238, 'frame_00:57.png': 4.589133262634277, 'frame_00:58.png': 4.718467712402344, 'frame_00:59.png': 4.543084144592285, 'frame_01:00.png': 4.281769752502441, 'frame_01:01.png': 4.529306888580322, 'frame_01:02.png': 4.7770676612854, 'frame_01:03.png': 4.796766757965088, 'frame_01:04.png': 4.802939414978027, 'frame_01:05.png': 4.562864303588867, 'frame_01:06.png': 4.608281135559082, 'frame_01:07.png': 4.888797283172607, 'frame_01:08.png': 4.826366901397705, 'frame_01:09.png': 4.45648717880249, 'frame_01:10.png': 4.6493754386901855, 'frame_01:11.png': 4.850415229797363, 'frame_01:12.png': 4.572140216827393, 'frame_01:13.png': 4.428389072418213, 'frame_01:14.png': 4.783915996551514, 'frame_01:15.png': 4.708831310272217, 'frame_01:16.png': 4.65601110458374, 'frame_01:17.png': 5.045431137084961, 'frame_01:18.png': 4.672487735748291, 'frame_01:19.png': 4.703058242797852, 'frame_01:20.png': 4.67734956741333, 'frame_01:21.png': 4.695291996002197, 'frame_01:22.png': 4.671452522277832, 'frame_01:23.png': 4.383647441864014, 'frame_01:24.png': 4.405789375305176, 'frame_01:25.png': 4.392213821411133, 'frame_01:26.png': 4.477586269378662, 'frame_01:27.png': 4.4789862632751465, 'frame_01:28.png': 4.897890567779541, 'frame_01:29.png': 4.819863796234131, 'frame_01:30.png': 4.530697345733643, 'frame_01:31.png': 4.564565181732178, 'frame_01:32.png': 4.777975082397461, 'frame_01:33.png': 4.7561750411987305, 'frame_01:34.png': 4.971713542938232, 'frame_01:35.png': 4.631079196929932, 'frame_01:36.png': 4.646259784698486, 'frame_01:37.png': 4.777194976806641, 'frame_01:38.png': 4.538210391998291, 'frame_01:39.png': 4.532695770263672, 'frame_01:40.png': 4.5264410972595215, 'frame_01:41.png': 4.5521464347839355, 'frame_01:42.png': 4.549046516418457, 'frame_01:43.png': 4.627340793609619, 'frame_01:44.png': 4.634402275085449, 'frame_01:45.png': 4.613824844360352, 'frame_01:46.png': 4.628934860229492, 'frame_01:47.png': 4.614009857177734, 'frame_01:48.png': 4.515129089355469, 'frame_01:49.png': 4.7962965965271, 'frame_01:50.png': 4.487008571624756, 'frame_01:51.png': 4.457967281341553, 'frame_01:52.png': 4.457700729370117, 'frame_01:53.png': 4.5143280029296875, 'frame_01:54.png': 4.5201311111450195, 'frame_01:55.png': 4.413537502288818, 'frame_01:56.png': 4.3468170166015625, 'frame_01:57.png': 4.327574253082275, 'frame_01:58.png': 4.345820903778076, 'frame_01:59.png': 4.878654956817627, 'frame_02:00.png': 4.533147811889648, 'frame_02:01.png': 4.7763872146606445, 'frame_02:02.png': 4.472099781036377, 'frame_02:03.png': 4.501864433288574, 'frame_02:04.png': 4.397116661071777, 'frame_02:05.png': 4.444721698760986, 'frame_02:06.png': 4.472324848175049, 'frame_02:07.png': 4.6470208168029785, 'frame_02:08.png': 4.382864475250244, 'frame_02:09.png': 4.568385124206543, 'frame_02:10.png': 4.711362838745117, 'frame_02:11.png': 4.371927261352539, 'frame_02:12.png': 4.557655334472656, 'frame_02:13.png': 4.508546352386475, 'frame_02:14.png': 4.607389450073242, 'frame_02:15.png': 4.627574920654297, 'frame_02:16.png': 4.699667453765869, 'frame_02:17.png': 4.559786319732666, 'frame_02:18.png': 4.544540882110596, 'frame_02:19.png': 3.9759907722473145, 'frame_02:20.png': 3.9143576622009277, 'frame_02:21.png': 3.8924927711486816}"
12 Angry Men (2/10) Movie CLIP - It's the Same Knife! (1957) HD,4.553753577172756,"{'frame_00:00.png': 4.917253494262695, 'frame_00:01.png': 4.848596572875977, 'frame_00:02.png': 4.960460186004639, 'frame_00:03.png': 4.792961597442627, 'frame_00:04.png': 4.693161487579346, 'frame_00:05.png': 4.539491653442383, 'frame_00:06.png': 4.827757835388184, 'frame_00:07.png': 4.482737064361572, 'frame_00:08.png': 4.364997386932373, 'frame_00:09.png': 4.5941481590271, 'frame_00:10.png': 4.719619274139404, 'frame_00:11.png': 4.527133464813232, 'frame_00:12.png': 4.480623722076416, 'frame_00:13.png': 4.339938640594482, 'frame_00:14.png': 4.49661922454834, 'frame_00:15.png': 4.942790508270264, 'frame_00:16.png': 4.673229694366455, 'frame_00:17.png': 4.715516567230225, 'frame_00:18.png': 4.697997570037842, 'frame_00:19.png': 4.681521892547607, 'frame_00:20.png': 4.740087985992432, 'frame_00:21.png': 4.654565811157227, 'frame_00:22.png': 4.734094619750977, 'frame_00:23.png': 4.414060592651367, 'frame_00:24.png': 4.46234655380249, 'frame_00:25.png': 4.642516136169434, 'frame_00:26.png': 4.666090488433838, 'frame_00:27.png': 4.534128665924072, 'frame_00:28.png': 4.868034839630127, 'frame_00:29.png': 4.814527988433838, 'frame_00:30.png': 4.309286594390869, 'frame_00:31.png': 4.1993865966796875, 'frame_00:32.png': 4.2162275314331055, 'frame_00:33.png': 4.154652118682861, 'frame_00:34.png': 3.9393978118896484, 'frame_00:35.png': 3.998671531677246, 'frame_00:36.png': 3.9473209381103516, 'frame_00:37.png': 4.220353603363037, 'frame_00:38.png': 4.240156173706055, 'frame_00:39.png': 4.257124423980713, 'frame_00:40.png': 4.437360763549805, 'frame_00:41.png': 4.234359264373779, 'frame_00:42.png': 4.465292453765869, 'frame_00:43.png': 4.4637532234191895, 'frame_00:44.png': 4.8878254890441895, 'frame_00:45.png': 4.901725769042969, 'frame_00:46.png': 4.762362957000732, 'frame_00:47.png': 4.665329456329346, 'frame_00:48.png': 4.278395175933838, 'frame_00:49.png': 4.345651626586914, 'frame_00:50.png': 4.5310869216918945, 'frame_00:51.png': 3.9796948432922363, 'frame_00:52.png': 4.2726335525512695, 'frame_00:53.png': 4.214839935302734, 'frame_00:54.png': 4.238470077514648, 'frame_00:55.png': 4.218868732452393, 'frame_00:56.png': 4.299387454986572, 'frame_00:57.png': 4.390432834625244, 'frame_00:58.png': 4.851214408874512, 'frame_00:59.png': 4.6942667961120605, 'frame_01:00.png': 4.6386189460754395, 'frame_01:01.png': 4.413986682891846, 'frame_01:02.png': 4.244048118591309, 'frame_01:03.png': 4.258625030517578, 'frame_01:04.png': 4.498630046844482, 'frame_01:05.png': 4.4310712814331055, 'frame_01:06.png': 4.5466508865356445, 'frame_01:07.png': 4.5533223152160645, 'frame_01:08.png': 4.872921466827393, 'frame_01:09.png': 4.607620716094971, 'frame_01:10.png': 4.651362419128418, 'frame_01:11.png': 4.600886344909668, 'frame_01:12.png': 4.27546501159668, 'frame_01:13.png': 5.250043869018555, 'frame_01:14.png': 4.812926769256592, 'frame_01:15.png': 4.747746467590332, 'frame_01:16.png': 4.778445243835449, 'frame_01:17.png': 4.758417129516602, 'frame_01:18.png': 4.691082954406738, 'frame_01:19.png': 4.676947593688965, 'frame_01:20.png': 4.580063343048096, 'frame_01:21.png': 4.683005332946777, 'frame_01:22.png': 4.877978801727295, 'frame_01:23.png': 4.753104209899902, 'frame_01:24.png': 4.857813835144043, 'frame_01:25.png': 4.836671829223633, 'frame_01:26.png': 4.440722465515137, 'frame_01:27.png': 4.441739082336426, 'frame_01:28.png': 4.452826023101807, 'frame_01:29.png': 4.349681377410889, 'frame_01:30.png': 4.747202396392822, 'frame_01:31.png': 4.7467041015625, 'frame_01:32.png': 4.697768211364746, 'frame_01:33.png': 4.5660080909729, 'frame_01:34.png': 4.598880767822266, 'frame_01:35.png': 4.5831756591796875, 'frame_01:36.png': 4.763818740844727, 'frame_01:37.png': 4.6562910079956055, 'frame_01:38.png': 4.572653770446777, 'frame_01:39.png': 4.768555641174316, 'frame_01:40.png': 4.864952087402344, 'frame_01:41.png': 4.727726459503174, 'frame_01:42.png': 4.710061550140381, 'frame_01:43.png': 4.6200385093688965, 'frame_01:44.png': 4.7213239669799805, 'frame_01:45.png': 4.324063777923584, 'frame_01:46.png': 4.347092151641846, 'frame_01:47.png': 4.371443748474121, 'frame_01:48.png': 4.612692832946777, 'frame_01:49.png': 4.548635005950928, 'frame_01:50.png': 4.3734259605407715, 'frame_01:51.png': 4.828542709350586, 'frame_01:52.png': 4.931511402130127, 'frame_01:53.png': 4.58137845993042, 'frame_01:54.png': 4.75424337387085, 'frame_01:55.png': 4.861325740814209, 'frame_01:56.png': 4.6850152015686035, 'frame_01:57.png': 4.643075942993164, 'frame_01:58.png': 4.47985315322876, 'frame_01:59.png': 4.0930986404418945, 'frame_02:00.png': 4.806533336639404, 'frame_02:01.png': 4.36428165435791, 'frame_02:02.png': 4.72472620010376, 'frame_02:03.png': 4.3474555015563965, 'frame_02:04.png': 4.5616044998168945, 'frame_02:05.png': 4.04588508605957, 'frame_02:06.png': 4.095925331115723, 'frame_02:07.png': 4.128522872924805}"
