video_id,avg_watermark_score,frame_watermark_results
"10,000 BC (7/10) Movie CLIP - We Hunt Together (2008) HD",0.47132205005202976,"{'frame_00:00.png': 0.2254556566476822, 'frame_00:01.png': 0.14604775607585907, 'frame_00:02.png': 0.15789635479450226, 'frame_00:03.png': 0.25278520584106445, 'frame_00:04.png': 0.13029903173446655, 'frame_00:05.png': 0.3483307957649231, 'frame_00:06.png': 0.35560107231140137, 'frame_00:07.png': 0.28044798970222473, 'frame_00:08.png': 0.18533599376678467, 'frame_00:09.png': 0.14958250522613525, 'frame_00:10.png': 0.589219868183136, 'frame_00:11.png': 0.7426459193229675, 'frame_00:12.png': 0.524717390537262, 'frame_00:13.png': 0.48879629373550415, 'frame_00:14.png': 0.49280643463134766, 'frame_00:15.png': 0.6293012499809265, 'frame_00:16.png': 0.4395450949668884, 'frame_00:17.png': 0.6353556513786316, 'frame_00:18.png': 0.6854212284088135, 'frame_00:19.png': 0.5924716591835022, 'frame_00:20.png': 0.6429978609085083, 'frame_00:21.png': 0.5887967348098755, 'frame_00:22.png': 0.4497565031051636, 'frame_00:23.png': 0.43436840176582336, 'frame_00:24.png': 0.6484236121177673, 'frame_00:25.png': 0.4555361866950989, 'frame_00:26.png': 0.4820069968700409, 'frame_00:27.png': 0.794146716594696, 'frame_00:28.png': 0.8261936902999878, 'frame_00:29.png': 0.8161107897758484, 'frame_00:30.png': 0.8451384902000427, 'frame_00:31.png': 0.7696933150291443, 'frame_00:32.png': 0.8486982583999634, 'frame_00:33.png': 0.7901229858398438, 'frame_00:34.png': 0.88003009557724, 'frame_00:35.png': 0.776768684387207, 'frame_00:36.png': 0.13589532673358917, 'frame_00:37.png': 0.14891202747821808, 'frame_00:38.png': 0.18289318680763245, 'frame_00:39.png': 0.23697564005851746, 'frame_00:40.png': 0.143710196018219, 'frame_00:41.png': 0.20690888166427612, 'frame_00:42.png': 0.2427832931280136, 'frame_00:43.png': 0.23885373771190643, 'frame_00:44.png': 0.22790949046611786, 'frame_00:45.png': 0.21385416388511658, 'frame_00:46.png': 0.5886860489845276, 'frame_00:47.png': 0.6996558308601379, 'frame_00:48.png': 0.6147608160972595, 'frame_00:49.png': 0.6715968251228333, 'frame_00:50.png': 0.5174515247344971, 'frame_00:51.png': 0.6957749724388123, 'frame_00:52.png': 0.6073980331420898, 'frame_00:53.png': 0.2481444925069809, 'frame_00:54.png': 0.42393067479133606, 'frame_00:55.png': 0.24708716571331024}"
10 Cloverfield Lane (2016) - A Narrow Escape Scene (7/10) | Movieclips,0.38662821020023164,"{'frame_00:00.png': 0.32923951745033264, 'frame_00:01.png': 0.6529542803764343, 'frame_00:02.png': 0.7852264642715454, 'frame_00:03.png': 0.6893244385719299, 'frame_00:04.png': 0.6526551842689514, 'frame_00:05.png': 0.6637144088745117, 'frame_00:06.png': 0.6149246692657471, 'frame_00:07.png': 0.4585052728652954, 'frame_00:08.png': 0.5180665254592896, 'frame_00:09.png': 0.624767541885376, 'frame_00:10.png': 0.7187343835830688, 'frame_00:11.png': 0.7875900268554688, 'frame_00:12.png': 0.7206391096115112, 'frame_00:13.png': 0.5870898962020874, 'frame_00:14.png': 0.6692832708358765, 'frame_00:15.png': 0.6671852469444275, 'frame_00:16.png': 0.8541254997253418, 'frame_00:17.png': 0.7444131374359131, 'frame_00:18.png': 0.6587960124015808, 'frame_00:19.png': 0.41167208552360535, 'frame_00:20.png': 0.4794235825538635, 'frame_00:21.png': 0.4246900677680969, 'frame_00:22.png': 0.7577771544456482, 'frame_00:23.png': 0.5345422625541687, 'frame_00:24.png': 0.9394135475158691, 'frame_00:25.png': 0.7466991543769836, 'frame_00:26.png': 0.7388657331466675, 'frame_00:27.png': 0.47924768924713135, 'frame_00:28.png': 0.28465524315834045, 'frame_00:29.png': 0.44726118445396423, 'frame_00:30.png': 0.4800531268119812, 'frame_00:31.png': 0.764628529548645, 'frame_00:32.png': 0.49461421370506287, 'frame_00:33.png': 0.23308274149894714, 'frame_00:34.png': 0.2117646187543869, 'frame_00:35.png': 0.02736920863389969, 'frame_00:36.png': 0.013362946920096874, 'frame_00:37.png': 0.053015582263469696, 'frame_00:38.png': 0.08352144062519073, 'frame_00:39.png': 0.012277675792574883, 'frame_00:40.png': 0.02467743679881096, 'frame_00:41.png': 0.01858571544289589, 'frame_00:42.png': 0.2574775218963623, 'frame_00:43.png': 0.05389248952269554, 'frame_00:44.png': 0.09467191249132156, 'frame_00:45.png': 0.22649884223937988, 'frame_00:46.png': 0.15391048789024353, 'frame_00:47.png': 0.06912097334861755, 'frame_00:48.png': 0.5973948836326599, 'frame_00:49.png': 0.5814722180366516, 'frame_00:50.png': 0.5359069108963013, 'frame_00:51.png': 0.48516786098480225, 'frame_00:52.png': 0.7535486817359924, 'frame_00:53.png': 0.7277557849884033, 'frame_00:54.png': 0.7769729495048523, 'frame_00:55.png': 0.17104151844978333, 'frame_00:56.png': 0.7068184614181519, 'frame_00:57.png': 0.7402380704879761, 'frame_00:58.png': 0.40364041924476624, 'frame_00:59.png': 0.7427034378051758, 'frame_01:00.png': 0.587683379650116, 'frame_01:01.png': 0.19595055282115936, 'frame_01:02.png': 0.5204930305480957, 'frame_01:03.png': 0.0571727380156517, 'frame_01:04.png': 0.00811062566936016, 'frame_01:05.png': 0.013358321972191334, 'frame_01:06.png': 0.03300273418426514, 'frame_01:07.png': 0.025990093126893044, 'frame_01:08.png': 0.02483341284096241, 'frame_01:09.png': 0.05574070289731026, 'frame_01:10.png': 0.07952765375375748, 'frame_01:11.png': 0.25849607586860657, 'frame_01:12.png': 0.6787084341049194, 'frame_01:13.png': 0.6278564929962158, 'frame_01:14.png': 0.26767316460609436, 'frame_01:15.png': 0.16935516893863678, 'frame_01:16.png': 0.32537391781806946, 'frame_01:17.png': 0.2846030592918396, 'frame_01:18.png': 0.21101249754428864, 'frame_01:19.png': 0.44129443168640137, 'frame_01:20.png': 0.4437425136566162, 'frame_01:21.png': 0.7210419178009033, 'frame_01:22.png': 0.6322153806686401, 'frame_01:23.png': 0.13097569346427917, 'frame_01:24.png': 0.08207159489393234, 'frame_01:25.png': 0.04209848493337631, 'frame_01:26.png': 0.2508922517299652, 'frame_01:27.png': 0.10440221428871155, 'frame_01:28.png': 0.1220453605055809, 'frame_01:29.png': 0.5212724804878235, 'frame_01:30.png': 0.09012102335691452, 'frame_01:31.png': 0.11929535120725632, 'frame_01:32.png': 0.5111910700798035, 'frame_01:33.png': 0.0512523390352726, 'frame_01:34.png': 0.4301995038986206, 'frame_01:35.png': 0.19122791290283203, 'frame_01:36.png': 0.06984611600637436, 'frame_01:37.png': 0.31696316599845886, 'frame_01:38.png': 0.3152513802051544, 'frame_01:39.png': 0.10548567771911621, 'frame_01:40.png': 0.17005378007888794, 'frame_01:41.png': 0.3687264025211334, 'frame_01:42.png': 0.2454879879951477, 'frame_01:43.png': 0.4219914972782135, 'frame_01:44.png': 0.15242742002010345, 'frame_01:45.png': 0.5774911642074585, 'frame_01:46.png': 0.5839800834655762, 'frame_01:47.png': 0.07230699062347412, 'frame_01:48.png': 0.22020135819911957, 'frame_01:49.png': 0.1393488049507141, 'frame_01:50.png': 0.6379270553588867, 'frame_01:51.png': 0.5570778846740723, 'frame_01:52.png': 0.6845865845680237, 'frame_01:53.png': 0.2727964222431183, 'frame_01:54.png': 0.3187500536441803, 'frame_01:55.png': 0.15259678661823273, 'frame_01:56.png': 0.2669007182121277, 'frame_01:57.png': 0.6576398611068726, 'frame_01:58.png': 0.2539689838886261}"
10 Cloverfield Lane (2016) - Everyone Outside Is Dead Scene (2/10) | Movieclips,0.2086155245417793,"{'frame_00:00.png': 0.025962866842746735, 'frame_00:01.png': 0.12778644263744354, 'frame_00:02.png': 0.5980218648910522, 'frame_00:03.png': 0.5664002299308777, 'frame_00:04.png': 0.42568403482437134, 'frame_00:05.png': 0.19202803075313568, 'frame_00:06.png': 0.8083792328834534, 'frame_00:07.png': 0.20785163342952728, 'frame_00:08.png': 0.08797555416822433, 'frame_00:09.png': 0.12335766851902008, 'frame_00:10.png': 0.25249263644218445, 'frame_00:11.png': 0.1696252077817917, 'frame_00:12.png': 0.35986047983169556, 'frame_00:13.png': 0.35840731859207153, 'frame_00:14.png': 0.34209638833999634, 'frame_00:15.png': 0.2958369255065918, 'frame_00:16.png': 0.27591535449028015, 'frame_00:17.png': 0.20685884356498718, 'frame_00:18.png': 0.2645927667617798, 'frame_00:19.png': 0.19395779073238373, 'frame_00:20.png': 0.18427616357803345, 'frame_00:21.png': 0.17088712751865387, 'frame_00:22.png': 0.17534509301185608, 'frame_00:23.png': 0.18817606568336487, 'frame_00:24.png': 0.18322105705738068, 'frame_00:25.png': 0.19774633646011353, 'frame_00:26.png': 0.15169377624988556, 'frame_00:27.png': 0.18385711312294006, 'frame_00:28.png': 0.16055679321289062, 'frame_00:29.png': 0.18740640580654144, 'frame_00:30.png': 0.39713549613952637, 'frame_00:31.png': 0.3689141571521759, 'frame_00:32.png': 0.3616196811199188, 'frame_00:33.png': 0.26097285747528076, 'frame_00:34.png': 0.05143612250685692, 'frame_00:35.png': 0.06061643362045288, 'frame_00:36.png': 0.0881851315498352, 'frame_00:37.png': 0.057638272643089294, 'frame_00:38.png': 0.04308271035552025, 'frame_00:39.png': 0.021367590874433517, 'frame_00:40.png': 0.04388352110981941, 'frame_00:41.png': 0.02872038446366787, 'frame_00:42.png': 0.28202563524246216, 'frame_00:43.png': 0.3169843554496765, 'frame_00:44.png': 0.1243709847331047, 'frame_00:45.png': 0.06621666252613068, 'frame_00:46.png': 0.18780115246772766, 'frame_00:47.png': 0.17538446187973022, 'frame_00:48.png': 0.180223748087883, 'frame_00:49.png': 0.19437865912914276, 'frame_00:50.png': 0.1296999603509903, 'frame_00:51.png': 0.14302131533622742, 'frame_00:52.png': 0.1119028776884079, 'frame_00:53.png': 0.11525487899780273, 'frame_00:54.png': 0.17327778041362762, 'frame_00:55.png': 0.2128887176513672, 'frame_00:56.png': 0.24606847763061523, 'frame_00:57.png': 0.2311888337135315, 'frame_00:58.png': 0.32072511315345764, 'frame_00:59.png': 0.26846733689308167, 'frame_01:00.png': 0.2812354564666748, 'frame_01:01.png': 0.36415809392929077, 'frame_01:02.png': 0.2684330642223358, 'frame_01:03.png': 0.35615989565849304, 'frame_01:04.png': 0.34951451420783997, 'frame_01:05.png': 0.3268338739871979, 'frame_01:06.png': 0.3546244502067566, 'frame_01:07.png': 0.3457587957382202, 'frame_01:08.png': 0.2561999559402466, 'frame_01:09.png': 0.21867723762989044, 'frame_01:10.png': 0.25555697083473206, 'frame_01:11.png': 0.33483031392097473, 'frame_01:12.png': 0.16324304044246674, 'frame_01:13.png': 0.1904575377702713, 'frame_01:14.png': 0.18950703740119934, 'frame_01:15.png': 0.19777868688106537, 'frame_01:16.png': 0.17578990757465363, 'frame_01:17.png': 0.17351225018501282, 'frame_01:18.png': 0.12655194103717804, 'frame_01:19.png': 0.14816820621490479, 'frame_01:20.png': 0.13802090287208557, 'frame_01:21.png': 0.13644172251224518, 'frame_01:22.png': 0.3327248692512512, 'frame_01:23.png': 0.17562438547611237, 'frame_01:24.png': 0.2940555810928345, 'frame_01:25.png': 0.1564057469367981, 'frame_01:26.png': 0.21427464485168457, 'frame_01:27.png': 0.26826927065849304, 'frame_01:28.png': 0.21006077527999878, 'frame_01:29.png': 0.3382953107357025, 'frame_01:30.png': 0.12931573390960693, 'frame_01:31.png': 0.6311411261558533, 'frame_01:32.png': 0.009991473518311977, 'frame_01:33.png': 0.008252310566604137, 'frame_01:34.png': 0.009643816389143467, 'frame_01:35.png': 0.006957661360502243, 'frame_01:36.png': 0.008819966576993465, 'frame_01:37.png': 0.14539490640163422, 'frame_01:38.png': 0.1319320648908615, 'frame_01:39.png': 0.15169161558151245, 'frame_01:40.png': 0.18088746070861816, 'frame_01:41.png': 0.18964500725269318, 'frame_01:42.png': 0.00839496124535799, 'frame_01:43.png': 0.013638944365084171, 'frame_01:44.png': 0.29447823762893677, 'frame_01:45.png': 0.23692607879638672, 'frame_01:46.png': 0.00958379078656435, 'frame_01:47.png': 0.011305106803774834, 'frame_01:48.png': 0.012746280059218407, 'frame_01:49.png': 0.012780046090483665, 'frame_01:50.png': 0.1112825945019722, 'frame_01:51.png': 0.1045578345656395, 'frame_01:52.png': 0.42444908618927, 'frame_01:53.png': 0.7158700227737427, 'frame_01:54.png': 0.04022183641791344, 'frame_01:55.png': 0.3286179304122925}"
10 Cloverfield Lane (2016) - I Accept Your Apology Scene (5/10) | Movieclips,0.49646512304877377,"{'frame_00:00.png': 0.23841151595115662, 'frame_00:01.png': 0.6005110740661621, 'frame_00:02.png': 0.7751151919364929, 'frame_00:03.png': 0.42703157663345337, 'frame_00:04.png': 0.7412177920341492, 'frame_00:05.png': 0.6109200716018677, 'frame_00:06.png': 0.8594756722450256, 'frame_00:07.png': 0.9194871187210083, 'frame_00:08.png': 0.8924781084060669, 'frame_00:09.png': 0.7824245095252991, 'frame_00:10.png': 0.5991189479827881, 'frame_00:11.png': 0.3871125280857086, 'frame_00:12.png': 0.5546985268592834, 'frame_00:13.png': 0.52312171459198, 'frame_00:14.png': 0.6226545572280884, 'frame_00:15.png': 0.6581887602806091, 'frame_00:16.png': 0.2141353040933609, 'frame_00:17.png': 0.13801972568035126, 'frame_00:18.png': 0.14899842441082, 'frame_00:19.png': 0.12514905631542206, 'frame_00:20.png': 0.2648541331291199, 'frame_00:21.png': 0.2882746756076813, 'frame_00:22.png': 0.15309199690818787, 'frame_00:23.png': 0.7816839218139648, 'frame_00:24.png': 0.6639239192008972, 'frame_00:25.png': 0.7803551554679871, 'frame_00:26.png': 0.7506229877471924, 'frame_00:27.png': 0.6287623047828674, 'frame_00:28.png': 0.7214576005935669, 'frame_00:29.png': 0.5446844100952148, 'frame_00:30.png': 0.41032710671424866, 'frame_00:31.png': 0.22708606719970703, 'frame_00:32.png': 0.33043718338012695, 'frame_00:33.png': 0.35129857063293457, 'frame_00:34.png': 0.7248744368553162, 'frame_00:35.png': 0.7101553678512573, 'frame_00:36.png': 0.7430005073547363, 'frame_00:37.png': 0.7833024263381958, 'frame_00:38.png': 0.6734462380409241, 'frame_00:39.png': 0.7147949934005737, 'frame_00:40.png': 0.7144073247909546, 'frame_00:41.png': 0.5367795825004578, 'frame_00:42.png': 0.8622462153434753, 'frame_00:43.png': 0.4974672198295593, 'frame_00:44.png': 0.5455042123794556, 'frame_00:45.png': 0.14908093214035034, 'frame_00:46.png': 0.40340518951416016, 'frame_00:47.png': 0.44158825278282166, 'frame_00:48.png': 0.8355969786643982, 'frame_00:49.png': 0.5948317646980286, 'frame_00:50.png': 0.6119871735572815, 'frame_00:51.png': 0.5624920129776001, 'frame_00:52.png': 0.4264211058616638, 'frame_00:53.png': 0.659580409526825, 'frame_00:54.png': 0.7695287466049194, 'frame_00:55.png': 0.39355260133743286, 'frame_00:56.png': 0.5457977056503296, 'frame_00:57.png': 0.8338074088096619, 'frame_00:58.png': 0.6555675268173218, 'frame_00:59.png': 0.5576747059822083, 'frame_01:00.png': 0.5507791042327881, 'frame_01:01.png': 0.7372236251831055, 'frame_01:02.png': 0.40921780467033386, 'frame_01:03.png': 0.40681424736976624, 'frame_01:04.png': 0.3313150107860565, 'frame_01:05.png': 0.6247900724411011, 'frame_01:06.png': 0.7312852144241333, 'frame_01:07.png': 0.4388684034347534, 'frame_01:08.png': 0.571111261844635, 'frame_01:09.png': 0.40081050992012024, 'frame_01:10.png': 0.321280837059021, 'frame_01:11.png': 0.45050618052482605, 'frame_01:12.png': 0.34643733501434326, 'frame_01:13.png': 0.7896090745925903, 'frame_01:14.png': 0.823432981967926, 'frame_01:15.png': 0.8272420167922974, 'frame_01:16.png': 0.7292972803115845, 'frame_01:17.png': 0.3519894778728485, 'frame_01:18.png': 0.1735372096300125, 'frame_01:19.png': 0.26408442854881287, 'frame_01:20.png': 0.24292677640914917, 'frame_01:21.png': 0.17558254301548004, 'frame_01:22.png': 0.17326706647872925, 'frame_01:23.png': 0.1414869725704193, 'frame_01:24.png': 0.30268001556396484, 'frame_01:25.png': 0.3254932761192322, 'frame_01:26.png': 0.27827778458595276, 'frame_01:27.png': 0.2946864366531372, 'frame_01:28.png': 0.26553550362586975, 'frame_01:29.png': 0.2244461625814438, 'frame_01:30.png': 0.7498319149017334, 'frame_01:31.png': 0.7211636304855347, 'frame_01:32.png': 0.7774333953857422, 'frame_01:33.png': 0.19819489121437073, 'frame_01:34.png': 0.25619861483573914, 'frame_01:35.png': 0.17204833030700684, 'frame_01:36.png': 0.14147226512432098, 'frame_01:37.png': 0.16009609401226044, 'frame_01:38.png': 0.294201523065567, 'frame_01:39.png': 0.39108946919441223, 'frame_01:40.png': 0.6908729672431946, 'frame_01:41.png': 0.6656316518783569, 'frame_01:42.png': 0.5213059186935425, 'frame_01:43.png': 0.5166792869567871, 'frame_01:44.png': 0.20829015970230103, 'frame_01:45.png': 0.15448972582817078, 'frame_01:46.png': 0.323173463344574, 'frame_01:47.png': 0.4866325557231903, 'frame_01:48.png': 0.41779825091362, 'frame_01:49.png': 0.41701385378837585, 'frame_01:50.png': 0.4779748320579529}"
10 Cloverfield Lane (2016) - Frank & Mildred Scene (3/10) | Movieclips,0.48317730865136793,"{'frame_00:00.png': 0.20742551982402802, 'frame_00:01.png': 0.6068753004074097, 'frame_00:02.png': 0.7677343487739563, 'frame_00:03.png': 0.6825876832008362, 'frame_00:04.png': 0.5675671100616455, 'frame_00:05.png': 0.5845730304718018, 'frame_00:06.png': 0.5904763340950012, 'frame_00:07.png': 0.9483398199081421, 'frame_00:08.png': 0.9375781416893005, 'frame_00:09.png': 0.49741271138191223, 'frame_00:10.png': 0.4896911084651947, 'frame_00:11.png': 0.9674614071846008, 'frame_00:12.png': 0.9064165949821472, 'frame_00:13.png': 0.825602114200592, 'frame_00:14.png': 0.5313999652862549, 'frame_00:15.png': 0.3636896014213562, 'frame_00:16.png': 0.13462510704994202, 'frame_00:17.png': 0.16343946754932404, 'frame_00:18.png': 0.38808372616767883, 'frame_00:19.png': 0.5210236310958862, 'frame_00:20.png': 0.5459813475608826, 'frame_00:21.png': 0.3013635575771332, 'frame_00:22.png': 0.3404475152492523, 'frame_00:23.png': 0.4383610785007477, 'frame_00:24.png': 0.5538681745529175, 'frame_00:25.png': 0.671646237373352, 'frame_00:26.png': 0.6430903673171997, 'frame_00:27.png': 0.6315649747848511, 'frame_00:28.png': 0.4945361018180847, 'frame_00:29.png': 0.8330370187759399, 'frame_00:30.png': 0.7781575322151184, 'frame_00:31.png': 0.8147380948066711, 'frame_00:32.png': 0.541114091873169, 'frame_00:33.png': 0.284159779548645, 'frame_00:34.png': 0.5937532782554626, 'frame_00:35.png': 0.4828346371650696, 'frame_00:36.png': 0.7268625497817993, 'frame_00:37.png': 0.5813353061676025, 'frame_00:38.png': 0.5065911412239075, 'frame_00:39.png': 0.5759992003440857, 'frame_00:40.png': 0.5537603497505188, 'frame_00:41.png': 0.4324122667312622, 'frame_00:42.png': 0.5927734971046448, 'frame_00:43.png': 0.63460773229599, 'frame_00:44.png': 0.4354410469532013, 'frame_00:45.png': 0.36041608452796936, 'frame_00:46.png': 0.42965200543403625, 'frame_00:47.png': 0.45500609278678894, 'frame_00:48.png': 0.5674192905426025, 'frame_00:49.png': 0.4311027526855469, 'frame_00:50.png': 0.6988204717636108, 'frame_00:51.png': 0.5900005102157593, 'frame_00:52.png': 0.5543486475944519, 'frame_00:53.png': 0.4721858501434326, 'frame_00:54.png': 0.5086888074874878, 'frame_00:55.png': 0.3229960501194, 'frame_00:56.png': 0.4752553403377533, 'frame_00:57.png': 0.6614198684692383, 'frame_00:58.png': 0.6271642446517944, 'frame_00:59.png': 0.34326642751693726, 'frame_01:00.png': 0.051838330924510956, 'frame_01:01.png': 0.10961034148931503, 'frame_01:02.png': 0.02902894839644432, 'frame_01:03.png': 0.05534529313445091, 'frame_01:04.png': 0.22702133655548096, 'frame_01:05.png': 0.24448759853839874, 'frame_01:06.png': 0.6761471033096313, 'frame_01:07.png': 0.44715145230293274, 'frame_01:08.png': 0.14002491533756256, 'frame_01:09.png': 0.42434513568878174, 'frame_01:10.png': 0.42894646525382996, 'frame_01:11.png': 0.2850877642631531, 'frame_01:12.png': 0.22291305661201477, 'frame_01:13.png': 0.12444561719894409, 'frame_01:14.png': 0.2514234185218811, 'frame_01:15.png': 0.20713329315185547, 'frame_01:16.png': 0.17490234971046448, 'frame_01:17.png': 0.1212809830904007, 'frame_01:18.png': 0.9217318892478943, 'frame_01:19.png': 0.8058364987373352, 'frame_01:20.png': 0.9001774787902832, 'frame_01:21.png': 0.8797405958175659, 'frame_01:22.png': 0.43059709668159485, 'frame_01:23.png': 0.502810537815094, 'frame_01:24.png': 0.08862841874361038, 'frame_01:25.png': 0.018944399431347847, 'frame_01:26.png': 0.015231461264193058, 'frame_01:27.png': 0.5474176406860352, 'frame_01:28.png': 0.5066922307014465, 'frame_01:29.png': 0.4394929111003876, 'frame_01:30.png': 0.3671429455280304, 'frame_01:31.png': 0.4407070279121399, 'frame_01:32.png': 0.6654293537139893, 'frame_01:33.png': 0.2566223740577698, 'frame_01:34.png': 0.5771932601928711, 'frame_01:35.png': 0.010695543140172958, 'frame_01:36.png': 0.004208168480545282, 'frame_01:37.png': 0.011637452989816666, 'frame_01:38.png': 0.584783136844635, 'frame_01:39.png': 0.5928695201873779, 'frame_01:40.png': 0.5296745300292969, 'frame_01:41.png': 0.9114543199539185, 'frame_01:42.png': 0.9375960230827332, 'frame_01:43.png': 0.9138098359107971}"
127 Hours (3/3) Movie CLIP - Radio Show Breakdown (2010) HD,0.8325438910060459,"{'frame_00:00.png': 0.7733243703842163, 'frame_00:01.png': 0.7901185154914856, 'frame_00:02.png': 0.814434826374054, 'frame_00:03.png': 0.7206361293792725, 'frame_00:04.png': 0.8004224896430969, 'frame_00:05.png': 0.8549280762672424, 'frame_00:06.png': 0.8919921517372131, 'frame_00:07.png': 0.835688591003418, 'frame_00:08.png': 0.8681368231773376, 'frame_00:09.png': 0.8967455625534058, 'frame_00:10.png': 0.8652035593986511, 'frame_00:11.png': 0.878578782081604, 'frame_00:12.png': 0.8795435428619385, 'frame_00:13.png': 0.825817346572876, 'frame_00:14.png': 0.8783245086669922, 'frame_00:15.png': 0.9191261529922485, 'frame_00:16.png': 0.8740512132644653, 'frame_00:17.png': 0.890140950679779, 'frame_00:18.png': 0.8892315030097961, 'frame_00:19.png': 0.8470105528831482, 'frame_00:20.png': 0.8432083129882812, 'frame_00:21.png': 0.8875535726547241, 'frame_00:22.png': 0.8294021487236023, 'frame_00:23.png': 0.8614848852157593, 'frame_00:24.png': 0.9064306616783142, 'frame_00:25.png': 0.8023031949996948, 'frame_00:26.png': 0.8172286748886108, 'frame_00:27.png': 0.8600378632545471, 'frame_00:28.png': 0.7862523198127747, 'frame_00:29.png': 0.7615940570831299, 'frame_00:30.png': 0.7046502232551575, 'frame_00:31.png': 0.3438248336315155, 'frame_00:32.png': 0.3458685874938965, 'frame_00:33.png': 0.824718713760376, 'frame_00:34.png': 0.8283981084823608, 'frame_00:35.png': 0.7952248454093933, 'frame_00:36.png': 0.9600831270217896, 'frame_00:37.png': 0.9064088463783264, 'frame_00:38.png': 0.7639625072479248, 'frame_00:39.png': 0.786868155002594, 'frame_00:40.png': 0.8350738883018494, 'frame_00:41.png': 0.9147934913635254, 'frame_00:42.png': 0.8701388239860535, 'frame_00:43.png': 0.7776443362236023, 'frame_00:44.png': 0.6362718343734741, 'frame_00:45.png': 0.8795740604400635, 'frame_00:46.png': 0.7639386057853699, 'frame_00:47.png': 0.7745093703269958, 'frame_00:48.png': 0.8561689257621765, 'frame_00:49.png': 0.8752400875091553, 'frame_00:50.png': 0.8846377730369568, 'frame_00:51.png': 0.8313111662864685, 'frame_00:52.png': 0.8891512155532837, 'frame_00:53.png': 0.8405837416648865, 'frame_00:54.png': 0.8695608973503113, 'frame_00:55.png': 0.7082510590553284, 'frame_00:56.png': 0.8582347631454468, 'frame_00:57.png': 0.8423195481300354, 'frame_00:58.png': 0.83375084400177, 'frame_00:59.png': 0.8440755009651184, 'frame_01:00.png': 0.8085324168205261, 'frame_01:01.png': 0.8407593965530396, 'frame_01:02.png': 0.8296745419502258, 'frame_01:03.png': 0.8288245797157288, 'frame_01:04.png': 0.8428950905799866, 'frame_01:05.png': 0.8205267786979675, 'frame_01:06.png': 0.6570686101913452, 'frame_01:07.png': 0.8542818427085876, 'frame_01:08.png': 0.9306285977363586, 'frame_01:09.png': 0.9461904764175415, 'frame_01:10.png': 0.9025173187255859, 'frame_01:11.png': 0.7221102714538574, 'frame_01:12.png': 0.7666367888450623, 'frame_01:13.png': 0.8116917014122009, 'frame_01:14.png': 0.7498303055763245, 'frame_01:15.png': 0.772305965423584, 'frame_01:16.png': 0.8840296864509583, 'frame_01:17.png': 0.9338556528091431, 'frame_01:18.png': 0.9345323443412781, 'frame_01:19.png': 0.8107741475105286, 'frame_01:20.png': 0.918417751789093, 'frame_01:21.png': 0.8860476016998291, 'frame_01:22.png': 0.8390098810195923, 'frame_01:23.png': 0.8782889246940613, 'frame_01:24.png': 0.8774656057357788, 'frame_01:25.png': 0.8568496704101562, 'frame_01:26.png': 0.9502013921737671, 'frame_01:27.png': 0.8978392481803894, 'frame_01:28.png': 0.9161587357521057, 'frame_01:29.png': 0.9044754505157471, 'frame_01:30.png': 0.8647615313529968, 'frame_01:31.png': 0.9185822606086731, 'frame_01:32.png': 0.9201421141624451, 'frame_01:33.png': 0.8859055042266846, 'frame_01:34.png': 0.9041823744773865, 'frame_01:35.png': 0.8786703944206238, 'frame_01:36.png': 0.8935078978538513, 'frame_01:37.png': 0.8662405610084534, 'frame_01:38.png': 0.8580032587051392, 'frame_01:39.png': 0.884045422077179, 'frame_01:40.png': 0.8878863453865051, 'frame_01:41.png': 0.9356333613395691, 'frame_01:42.png': 0.8355907201766968, 'frame_01:43.png': 0.8349316120147705, 'frame_01:44.png': 0.880844235420227, 'frame_01:45.png': 0.8956661224365234, 'frame_01:46.png': 0.8565462827682495, 'frame_01:47.png': 0.8627852201461792, 'frame_01:48.png': 0.8849559426307678, 'frame_01:49.png': 0.8945015668869019, 'frame_01:50.png': 0.8328139185905457, 'frame_01:51.png': 0.9034939408302307, 'frame_01:52.png': 0.9010610580444336, 'frame_01:53.png': 0.7736517786979675, 'frame_01:54.png': 0.8102989792823792, 'frame_01:55.png': 0.893149733543396, 'frame_01:56.png': 0.920802891254425, 'frame_01:57.png': 0.8918039202690125, 'frame_01:58.png': 0.9211856722831726, 'frame_01:59.png': 0.8534914255142212, 'frame_02:00.png': 0.8632559180259705, 'frame_02:01.png': 0.7889955639839172, 'frame_02:02.png': 0.7851672768592834, 'frame_02:03.png': 0.7852016091346741, 'frame_02:04.png': 0.7458975911140442, 'frame_02:05.png': 0.8360773324966431, 'frame_02:06.png': 0.9127061367034912, 'frame_02:07.png': 0.8583529591560364, 'frame_02:08.png': 0.8061030507087708, 'frame_02:09.png': 0.7570450305938721, 'frame_02:10.png': 0.9415233731269836, 'frame_02:11.png': 0.8943489789962769, 'frame_02:12.png': 0.39319583773612976, 'frame_02:13.png': 0.5412145256996155, 'frame_02:14.png': 0.37259405851364136}"
12 Angry Men (6/10) Movie CLIP - A Responsibility (1957) HD,0.5351083387458135,"{'frame_00:00.png': 0.21993567049503326, 'frame_00:01.png': 0.5278022885322571, 'frame_00:02.png': 0.4287163019180298, 'frame_00:03.png': 0.2557346522808075, 'frame_00:04.png': 0.38378292322158813, 'frame_00:05.png': 0.2998284697532654, 'frame_00:06.png': 0.31341779232025146, 'frame_00:07.png': 0.4019175171852112, 'frame_00:08.png': 0.39391717314720154, 'frame_00:09.png': 0.38562139868736267, 'frame_00:10.png': 0.41079527139663696, 'frame_00:11.png': 0.5782914757728577, 'frame_00:12.png': 0.7392675876617432, 'frame_00:13.png': 0.7060565948486328, 'frame_00:14.png': 0.6396284103393555, 'frame_00:15.png': 0.6507280468940735, 'frame_00:16.png': 0.553459107875824, 'frame_00:17.png': 0.4900039732456207, 'frame_00:18.png': 0.4307173490524292, 'frame_00:19.png': 0.4560188949108124, 'frame_00:20.png': 0.5602366924285889, 'frame_00:21.png': 0.5504515767097473, 'frame_00:22.png': 0.6591600179672241, 'frame_00:23.png': 0.6935464143753052, 'frame_00:24.png': 0.5902802348136902, 'frame_00:25.png': 0.6221287250518799, 'frame_00:26.png': 0.6942558884620667, 'frame_00:27.png': 0.6045158505439758, 'frame_00:28.png': 0.5746983885765076, 'frame_00:29.png': 0.5282911658287048, 'frame_00:30.png': 0.5430206656455994, 'frame_00:31.png': 0.4971561133861542, 'frame_00:32.png': 0.5238248109817505, 'frame_00:33.png': 0.5190752744674683, 'frame_00:34.png': 0.5594823956489563, 'frame_00:35.png': 0.5488184094429016, 'frame_00:36.png': 0.5499742031097412, 'frame_00:37.png': 0.5598059296607971, 'frame_00:38.png': 0.5701608061790466, 'frame_00:39.png': 0.5539839863777161, 'frame_00:40.png': 0.5597100257873535, 'frame_00:41.png': 0.4878714382648468, 'frame_00:42.png': 0.6252655386924744, 'frame_00:43.png': 0.6075612306594849, 'frame_00:44.png': 0.6192181706428528, 'frame_00:45.png': 0.6562514901161194, 'frame_00:46.png': 0.606767475605011, 'frame_00:47.png': 0.7151296138763428, 'frame_00:48.png': 0.6968023777008057, 'frame_00:49.png': 0.7273842096328735, 'frame_00:50.png': 0.7025564312934875, 'frame_00:51.png': 0.6703631281852722, 'frame_00:52.png': 0.6767202615737915, 'frame_00:53.png': 0.6084580421447754, 'frame_00:54.png': 0.5683324933052063, 'frame_00:55.png': 0.5891485214233398, 'frame_00:56.png': 0.6058378219604492, 'frame_00:57.png': 0.5360545516014099, 'frame_00:58.png': 0.40292444825172424, 'frame_00:59.png': 0.46635985374450684, 'frame_01:00.png': 0.42640385031700134, 'frame_01:01.png': 0.19325873255729675, 'frame_01:02.png': 0.19493718445301056}"
12 Angry Men (8/10) Movie CLIP - These People (1957) HD,0.43821207045669286,"{'frame_00:00.png': 0.24785321950912476, 'frame_00:01.png': 0.17396709322929382, 'frame_00:02.png': 0.17595626413822174, 'frame_00:03.png': 0.1550014764070511, 'frame_00:04.png': 0.7880368232727051, 'frame_00:05.png': 0.832683801651001, 'frame_00:06.png': 0.5374617576599121, 'frame_00:07.png': 0.43256762623786926, 'frame_00:08.png': 0.5030553340911865, 'frame_00:09.png': 0.5047994256019592, 'frame_00:10.png': 0.6151220798492432, 'frame_00:11.png': 0.5748279690742493, 'frame_00:12.png': 0.5181720852851868, 'frame_00:13.png': 0.7948974370956421, 'frame_00:14.png': 0.36127570271492004, 'frame_00:15.png': 0.4703708589076996, 'frame_00:16.png': 0.5954300761222839, 'frame_00:17.png': 0.5342883467674255, 'frame_00:18.png': 0.3589361310005188, 'frame_00:19.png': 0.45514965057373047, 'frame_00:20.png': 0.6676099896430969, 'frame_00:21.png': 0.5466362833976746, 'frame_00:22.png': 0.7044933438301086, 'frame_00:23.png': 0.4555055797100067, 'frame_00:24.png': 0.271438866853714, 'frame_00:25.png': 0.27539631724357605, 'frame_00:26.png': 0.6639246940612793, 'frame_00:27.png': 0.664877712726593, 'frame_00:28.png': 0.7467835545539856, 'frame_00:29.png': 0.7688262462615967, 'frame_00:30.png': 0.6915615797042847, 'frame_00:31.png': 0.25154349207878113, 'frame_00:32.png': 0.36453136801719666, 'frame_00:33.png': 0.43797507882118225, 'frame_00:34.png': 0.4846090078353882, 'frame_00:35.png': 0.4590049684047699, 'frame_00:36.png': 0.504698634147644, 'frame_00:37.png': 0.4134359359741211, 'frame_00:38.png': 0.38393208384513855, 'frame_00:39.png': 0.3155222237110138, 'frame_00:40.png': 0.3404023051261902, 'frame_00:41.png': 0.43376490473747253, 'frame_00:42.png': 0.44931212067604065, 'frame_00:43.png': 0.3548119068145752, 'frame_00:44.png': 0.5078672766685486, 'frame_00:45.png': 0.38865581154823303, 'frame_00:46.png': 0.2625010013580322, 'frame_00:47.png': 0.6004976034164429, 'frame_00:48.png': 0.2272888869047165, 'frame_00:49.png': 0.3371613621711731, 'frame_00:50.png': 0.3522625267505646, 'frame_00:51.png': 0.34826380014419556, 'frame_00:52.png': 0.4160018861293793, 'frame_00:53.png': 0.45430389046669006, 'frame_00:54.png': 0.4852107763290405, 'frame_00:55.png': 0.5692573189735413, 'frame_00:56.png': 0.21717338263988495, 'frame_00:57.png': 0.7491610646247864, 'frame_00:58.png': 0.6985881924629211, 'frame_00:59.png': 0.746301531791687, 'frame_01:00.png': 0.2175651639699936, 'frame_01:01.png': 0.15186946094036102, 'frame_01:02.png': 0.15459364652633667, 'frame_01:03.png': 0.14226433634757996, 'frame_01:04.png': 0.12012067437171936, 'frame_01:05.png': 0.3403545022010803, 'frame_01:06.png': 0.21426533162593842, 'frame_01:07.png': 0.5011148452758789, 'frame_01:08.png': 0.41240736842155457, 'frame_01:09.png': 0.38602718710899353, 'frame_01:10.png': 0.43073976039886475, 'frame_01:11.png': 0.22842419147491455, 'frame_01:12.png': 0.3360383212566376, 'frame_01:13.png': 0.37398386001586914, 'frame_01:14.png': 0.1840037852525711, 'frame_01:15.png': 0.2035810500383377, 'frame_01:16.png': 0.2562292814254761, 'frame_01:17.png': 0.3880631923675537, 'frame_01:18.png': 0.26335906982421875, 'frame_01:19.png': 0.1892147660255432, 'frame_01:20.png': 0.3417312204837799, 'frame_01:21.png': 0.3565065860748291, 'frame_01:22.png': 0.3316837251186371, 'frame_01:23.png': 0.4074077904224396, 'frame_01:24.png': 0.3536912202835083, 'frame_01:25.png': 0.362224280834198, 'frame_01:26.png': 0.3751765489578247, 'frame_01:27.png': 0.35045650601387024, 'frame_01:28.png': 0.32772281765937805, 'frame_01:29.png': 0.31264930963516235, 'frame_01:30.png': 0.24972370266914368, 'frame_01:31.png': 0.3887385427951813, 'frame_01:32.png': 0.29362502694129944, 'frame_01:33.png': 0.22403772175312042, 'frame_01:34.png': 0.4717443585395813, 'frame_01:35.png': 0.3531365990638733, 'frame_01:36.png': 0.27901095151901245, 'frame_01:37.png': 0.29151880741119385, 'frame_01:38.png': 0.514737606048584, 'frame_01:39.png': 0.49515917897224426, 'frame_01:40.png': 0.517049252986908, 'frame_01:41.png': 0.4916326701641083, 'frame_01:42.png': 0.4748474955558777, 'frame_01:43.png': 0.5101705193519592, 'frame_01:44.png': 0.4508248567581177, 'frame_01:45.png': 0.4069576561450958, 'frame_01:46.png': 0.4416835606098175, 'frame_01:47.png': 0.4692259132862091, 'frame_01:48.png': 0.49329251050949097, 'frame_01:49.png': 0.5077165961265564, 'frame_01:50.png': 0.4986756443977356, 'frame_01:51.png': 0.4361318051815033, 'frame_01:52.png': 0.4977094233036041, 'frame_01:53.png': 0.5434206128120422, 'frame_01:54.png': 0.4979168474674225, 'frame_01:55.png': 0.6538244485855103, 'frame_01:56.png': 0.5419294834136963, 'frame_01:57.png': 0.6479937434196472, 'frame_01:58.png': 0.5260269641876221, 'frame_01:59.png': 0.581604540348053, 'frame_02:00.png': 0.63623046875, 'frame_02:01.png': 0.4799784719944, 'frame_02:02.png': 0.6849769949913025, 'frame_02:03.png': 0.6751589179039001, 'frame_02:04.png': 0.6668115258216858, 'frame_02:05.png': 0.4852953851222992, 'frame_02:06.png': 0.49851757287979126, 'frame_02:07.png': 0.397869348526001, 'frame_02:08.png': 0.3709571361541748, 'frame_02:09.png': 0.42736855149269104, 'frame_02:10.png': 0.47966960072517395, 'frame_02:11.png': 0.366778165102005, 'frame_02:12.png': 0.5212476253509521, 'frame_02:13.png': 0.5168106555938721, 'frame_02:14.png': 0.5149415135383606, 'frame_02:15.png': 0.4835083782672882, 'frame_02:16.png': 0.5149771571159363, 'frame_02:17.png': 0.5968192219734192, 'frame_02:18.png': 0.6358004212379456, 'frame_02:19.png': 0.34092652797698975, 'frame_02:20.png': 0.24555248022079468, 'frame_02:21.png': 0.2814333736896515}"
12 Angry Men (2/10) Movie CLIP - It's the Same Knife! (1957) HD,0.6254666151944548,"{'frame_00:00.png': 0.702635645866394, 'frame_00:01.png': 0.7159716486930847, 'frame_00:02.png': 0.7981595993041992, 'frame_00:03.png': 0.8318869471549988, 'frame_00:04.png': 0.7927145957946777, 'frame_00:05.png': 0.3995440602302551, 'frame_00:06.png': 0.7616291046142578, 'frame_00:07.png': 0.3544812500476837, 'frame_00:08.png': 0.4419027864933014, 'frame_00:09.png': 0.3483186364173889, 'frame_00:10.png': 0.41774389147758484, 'frame_00:11.png': 0.20605626702308655, 'frame_00:12.png': 0.5885652303695679, 'frame_00:13.png': 0.5491920113563538, 'frame_00:14.png': 0.47480008006095886, 'frame_00:15.png': 0.6057538986206055, 'frame_00:16.png': 0.5355219841003418, 'frame_00:17.png': 0.461469441652298, 'frame_00:18.png': 0.5604605674743652, 'frame_00:19.png': 0.5942345857620239, 'frame_00:20.png': 0.5685189962387085, 'frame_00:21.png': 0.5931617021560669, 'frame_00:22.png': 0.6340758800506592, 'frame_00:23.png': 0.6313605308532715, 'frame_00:24.png': 0.5389548540115356, 'frame_00:25.png': 0.43608716130256653, 'frame_00:26.png': 0.5867274403572083, 'frame_00:27.png': 0.5784074664115906, 'frame_00:28.png': 0.5076722502708435, 'frame_00:29.png': 0.4846104681491852, 'frame_00:30.png': 0.5768520832061768, 'frame_00:31.png': 0.1827726662158966, 'frame_00:32.png': 0.6486268639564514, 'frame_00:33.png': 0.22465573251247406, 'frame_00:34.png': 0.320871502161026, 'frame_00:35.png': 0.27593564987182617, 'frame_00:36.png': 0.2841692566871643, 'frame_00:37.png': 0.2773383855819702, 'frame_00:38.png': 0.2875889241695404, 'frame_00:39.png': 0.3446228504180908, 'frame_00:40.png': 0.47135886549949646, 'frame_00:41.png': 0.4247744083404541, 'frame_00:42.png': 0.7518840432167053, 'frame_00:43.png': 0.8282466530799866, 'frame_00:44.png': 0.6804514527320862, 'frame_00:45.png': 0.3719019591808319, 'frame_00:46.png': 0.8887178897857666, 'frame_00:47.png': 0.8498409390449524, 'frame_00:48.png': 0.7320414781570435, 'frame_00:49.png': 0.5709113478660583, 'frame_00:50.png': 0.6934929490089417, 'frame_00:51.png': 0.6441637873649597, 'frame_00:52.png': 0.4594801664352417, 'frame_00:53.png': 0.5614234209060669, 'frame_00:54.png': 0.6030359268188477, 'frame_00:55.png': 0.5787424445152283, 'frame_00:56.png': 0.137698695063591, 'frame_00:57.png': 0.15628264844417572, 'frame_00:58.png': 0.6487634181976318, 'frame_00:59.png': 0.6382597088813782, 'frame_01:00.png': 0.5835344195365906, 'frame_01:01.png': 0.5879677534103394, 'frame_01:02.png': 0.6327954530715942, 'frame_01:03.png': 0.6824663281440735, 'frame_01:04.png': 0.6876393556594849, 'frame_01:05.png': 0.635796844959259, 'frame_01:06.png': 0.6681475639343262, 'frame_01:07.png': 0.7014705538749695, 'frame_01:08.png': 0.696103572845459, 'frame_01:09.png': 0.7001803517341614, 'frame_01:10.png': 0.5812821984291077, 'frame_01:11.png': 0.8713196516036987, 'frame_01:12.png': 0.8455196619033813, 'frame_01:13.png': 0.8592702150344849, 'frame_01:14.png': 0.9007210731506348, 'frame_01:15.png': 0.856476902961731, 'frame_01:16.png': 0.8275141716003418, 'frame_01:17.png': 0.8515716195106506, 'frame_01:18.png': 0.7897717952728271, 'frame_01:19.png': 0.798223078250885, 'frame_01:20.png': 0.8586356043815613, 'frame_01:21.png': 0.7842471599578857, 'frame_01:22.png': 0.7870858311653137, 'frame_01:23.png': 0.8209591507911682, 'frame_01:24.png': 0.7125457525253296, 'frame_01:25.png': 0.745470404624939, 'frame_01:26.png': 0.9651218056678772, 'frame_01:27.png': 0.958022952079773, 'frame_01:28.png': 0.9538974761962891, 'frame_01:29.png': 0.9618768692016602, 'frame_01:30.png': 0.7062223553657532, 'frame_01:31.png': 0.6657072901725769, 'frame_01:32.png': 0.8205907344818115, 'frame_01:33.png': 0.7292888164520264, 'frame_01:34.png': 0.8404797911643982, 'frame_01:35.png': 0.7976499199867249, 'frame_01:36.png': 0.833238422870636, 'frame_01:37.png': 0.8507422804832458, 'frame_01:38.png': 0.8312780261039734, 'frame_01:39.png': 0.5724038481712341, 'frame_01:40.png': 0.43260374665260315, 'frame_01:41.png': 0.5055631399154663, 'frame_01:42.png': 0.5260390043258667, 'frame_01:43.png': 0.5260980725288391, 'frame_01:44.png': 0.5143970251083374, 'frame_01:45.png': 0.5836966633796692, 'frame_01:46.png': 0.7276102304458618, 'frame_01:47.png': 0.7212920784950256, 'frame_01:48.png': 0.6970192193984985, 'frame_01:49.png': 0.7320377230644226, 'frame_01:50.png': 0.7040859460830688, 'frame_01:51.png': 0.6291882991790771, 'frame_01:52.png': 0.7192789912223816, 'frame_01:53.png': 0.6075764298439026, 'frame_01:54.png': 0.6948810815811157, 'frame_01:55.png': 0.6633641123771667, 'frame_01:56.png': 0.654437780380249, 'frame_01:57.png': 0.670661449432373, 'frame_01:58.png': 0.8255146145820618, 'frame_01:59.png': 0.7256693243980408, 'frame_02:00.png': 0.7845384478569031, 'frame_02:01.png': 0.7191768288612366, 'frame_02:02.png': 0.714939534664154, 'frame_02:03.png': 0.5631657242774963, 'frame_02:04.png': 0.8090739250183105, 'frame_02:05.png': 0.23119612038135529, 'frame_02:06.png': 0.29105809330940247, 'frame_02:07.png': 0.316800981760025}"
